{"cameraMode":{"drawMode":0,"name":"Shaded","section":"Shading Mode"},"sceneLighting":true,"audioPlay":false,"sceneViewState":{"showFog":true,"showMaterialUpdate":false,"showSkybox":false,"showFlares":true,"showImageEffects":true,"showParticleSystems":true,"showVisualEffectGraphs":true,"m_FxEnabled":true},"in2DMode":false,"pivot":{"x":0.000002563748694228707,"y":9.140953807218466e-7,"z":-0.0015771427424624563},"rotation":{"x":-0.17487512528896333,"y":0.018309660255908967,"z":-0.003252587513998151,"w":-0.98441481590271},"size":5.700024127960205,"orthographic":false}