{"cameraMode":{"drawMode":0,"name":"Shaded","section":"Shading Mode"},"sceneLighting":false,"audioPlay":false,"sceneViewState":{"showFog":true,"showMaterialUpdate":false,"showSkybox":true,"showFlares":true,"showImageEffects":true,"showParticleSystems":true},"in2DMode":false,"pivot":{"x":-45.255027770996097,"y":-16.10988998413086,"z":-13.668163299560547},"rotation":{"x":-0.13978448510169984,"y":0.7376115322113037,"z":-0.16092908382415772,"w":-0.6406964659690857},"size":116.67262268066406,"orthographic":false}