{"cameraMode":{"drawMode":0,"name":"Shaded","section":"Shading Mode"},"sceneLighting":false,"audioPlay":false,"sceneViewState":{"showFog":true,"showMaterialUpdate":false,"showSkybox":true,"showFlares":true,"showImageEffects":true,"showParticleSystems":true},"in2DMode":false,"pivot":{"x":1.159999966621399,"y":-6.440000057220459,"z":2.619999885559082},"rotation":{"x":0.08435536175966263,"y":0.5013959407806397,"z":-0.049197934567928317,"w":0.8596922159194946},"size":4.304230690002441,"orthographic":false}