{"cameraMode":{"drawMode":0,"name":"Shaded","section":"Shading Mode"},"sceneLighting":false,"audioPlay":false,"sceneViewState":{"showFog":true,"showMaterialUpdate":false,"showSkybox":true,"showFlares":true,"showImageEffects":true,"showParticleSystems":true},"in2DMode":false,"pivot":{"x":3.435884475708008,"y":-7.844764232635498,"z":13.949097633361817},"rotation":{"x":0.17630307376384736,"y":0.029520755633711816,"z":-0.005289854947477579,"w":0.9838823080062866},"size":20.29097557067871,"orthographic":false}