{"cameraMode":{"drawMode":0,"name":"Shaded","section":"Shading Mode"},"sceneLighting":false,"audioPlay":false,"sceneViewState":{"showFog":false,"showMaterialUpdate":false,"showSkybox":false,"showFlares":false,"showImageEffects":true,"showParticleSystems":true},"in2DMode":false,"pivot":{"x":0.18023252487182618,"y":-0.1772007793188095,"z":0.3022003173828125},"rotation":{"x":0.03407686576247215,"y":-0.20304983854293824,"z":0.0070709651336073879,"w":0.9785497188568115},"size":3.25667142868042,"orthographic":false}